Filename,Loop Cycles,Time (Total),Time (Teleop),Time (Auto),Distance 0 (Meters),Distance 1 (Meters),Distance 2 (Meters),Distance 3 (Meters),Auto Distance 0 (Meters),Auto Distance 1 (Meters),Auto Distance 2 (Meters),Auto Distance 3 (Meters),Avg Distance (Meters),Auto Avg Distance (Meters),Vision Frames,Arm Trajectory Count (Kairos),Shoulder Rotations,Elbow Rotations,Wrist Rotations,Intake Rotations,Power (Total),Power (Control System),Power (Drive),Power (Turn),Power (Shoulder),Power (Elbow),Power (Wrist),Power (Gripper),Power (Intake Arm),Power (Intake Roller)
../robodatalogs\Log_23-03-31_19-22-35_p1.wpilog,38235,787.150416,81.92031000000003,68.86521099999996,155.12227616112204,157.02720582646168,150.95295442614014,166.9176394986934,31.19117149451977,29.442770569349577,28.119909735948053,29.225627229284562,157.50501897810432,29.494869757275488,113179,8,6.757568359375,8.9344482421875,3.84326171875,8.424560546875,0.0,10.796103890460296,26.670476800460488,4.685546999166873,3.1600382462583267,2.1057666766287775,0.4639842410370961,8.819338986145434,0.4125508398858812,0.5780441768702922
../robodatalogs\Log_23-03-31_19-49-39_p2.wpilog,33673,697.560778,107.41944800000005,43.255668999999955,187.17701279003103,185.17336351162663,192.37174536144974,190.13759397229006,42.4538088715638,40.58202045914719,42.93064564647443,42.29270198428576,188.71492890884934,42.064794240367796,91576,14,7.507568359375,11.0389404296875,6.3858642578125,10.7041015625,0.0,10.401421656292337,28.72337615673508,5.621974615486397,9.479113041016403,2.0845771135869517,0.7146877314515695,13.875482993759775,6.714419850642526,2.0430937937756637
